puma_geoid,cluster,cluster_label
0100100,3,Persistently Depressed
0100200,3,Persistently Depressed
0100301,1,Below-Average Recovery
0100302,3,Persistently Depressed
0100400,3,Persistently Depressed
0100500,3,Persistently Depressed
0100600,3,Persistently Depressed
0100700,3,Persistently Depressed
0100800,3,Persistently Depressed
0100900,3,Persistently Depressed
0101000,3,Persistently Depressed
0101100,3,Persistently Depressed
0101200,1,Below-Average Recovery
0101301,3,Persistently Depressed
0101302,3,Persistently Depressed
0101303,1,Below-Average Recovery
0101304,3,Persistently Depressed
0101305,3,Persistently Depressed
0101400,3,Persistently Depressed
0101500,3,Persistently Depressed
0101600,3,Persistently Depressed
0101700,3,Persistently Depressed
0101800,3,Persistently Depressed
0101900,3,Persistently Depressed
0102000,3,Persistently Depressed
0102100,3,Persistently Depressed
0102200,3,Persistently Depressed
0102300,3,Persistently Depressed
0102400,3,Persistently Depressed
0102500,3,Persistently Depressed
0102600,3,Persistently Depressed
0102701,3,Persistently Depressed
0102702,3,Persistently Depressed
0102703,3,Persistently Depressed
0200101,1,Below-Average Recovery
0200102,1,Below-Average Recovery
0200200,3,Persistently Depressed
0200300,3,Persistently Depressed
0200400,3,Persistently Depressed
0400100,2,Boom Markets
0400101,2,Boom Markets
0400102,2,Boom Markets
0400103,2,Boom Markets
0400104,2,Boom Markets
0400105,2,Boom Markets
0400106,2,Boom Markets
0400107,2,Boom Markets
0400108,2,Boom Markets
0400109,2,Boom Markets
0400110,2,Boom Markets
0400111,4,Above-Average Recovery
0400112,4,Above-Average Recovery
0400113,2,Boom Markets
0400114,2,Boom Markets
0400115,2,Boom Markets
0400116,2,Boom Markets
0400117,2,Boom Markets
0400118,2,Boom Markets
0400119,2,Boom Markets
0400120,1,Below-Average Recovery
0400121,2,Boom Markets
0400122,2,Boom Markets
0400123,2,Boom Markets
0400124,2,Boom Markets
0400125,2,Boom Markets
0400126,2,Boom Markets
0400127,2,Boom Markets
0400128,2,Boom Markets
0400129,2,Boom Markets
0400130,3,Persistently Depressed
0400131,2,Boom Markets
0400132,2,Boom Markets
0400133,2,Boom Markets
0400134,2,Boom Markets
0400201,3,Persistently Depressed
0400202,3,Persistently Depressed
0400203,1,Below-Average Recovery
0400204,1,Below-Average Recovery
0400205,1,Below-Average Recovery
0400206,3,Persistently Depressed
0400207,3,Persistently Depressed
0400208,3,Persistently Depressed
0400209,3,Persistently Depressed
0400300,3,Persistently Depressed
0400400,2,Boom Markets
0400500,3,Persistently Depressed
0400600,3,Persistently Depressed
0400700,3,Persistently Depressed
0400800,3,Persistently Depressed
0400803,2,Boom Markets
0400805,2,Boom Markets
0400807,2,Boom Markets
0400900,3,Persistently Depressed
0500100,1,Below-Average Recovery
0500200,3,Persistently Depressed
0500300,3,Persistently Depressed
0500400,3,Persistently Depressed
0500500,3,Persistently Depressed
0500600,3,Persistently Depressed
0500700,3,Persistently Depressed
0500800,3,Persistently Depressed
0500900,3,Persistently Depressed
0501000,3,Persistently Depressed
0501100,3,Persistently Depressed
0501200,3,Persistently Depressed
0501300,3,Persistently Depressed
0501400,3,Persistently Depressed
0501500,3,Persistently Depressed
0501600,3,Persistently Depressed
0501700,3,Persistently Depressed
0501800,3,Persistently Depressed
0501900,3,Persistently Depressed
0502000,3,Persistently Depressed
0600101,4,Above-Average Recovery
0600102,2,Boom Markets
0600103,4,Above-Average Recovery
0600104,2,Boom Markets
0600105,4,Above-Average Recovery
0600106,4,Above-Average Recovery
0600107,2,Boom Markets
0600108,4,Above-Average Recovery
0600109,4,Above-Average Recovery
0600110,4,Above-Average Recovery
0600300,3,Persistently Depressed
0600701,2,Boom Markets
0600702,2,Boom Markets
0601100,3,Persistently Depressed
0601301,2,Boom Markets
0601302,2,Boom Markets
0601303,4,Above-Average Recovery
0601304,4,Above-Average Recovery
0601305,4,Above-Average Recovery
0601306,4,Above-Average Recovery
0601307,2,Boom Markets
0601308,2,Boom Markets
0601309,2,Boom Markets
0601500,3,Persistently Depressed
0601700,2,Boom Markets
0601901,3,Persistently Depressed
0601902,1,Below-Average Recovery
0601903,2,Boom Markets
0601904,3,Persistently Depressed
0601905,2,Boom Markets
0601906,1,Below-Average Recovery
0601907,3,Persistently Depressed
0602300,3,Persistently Depressed
0602500,3,Persistently Depressed
0602901,2,Boom Markets
0602902,2,Boom Markets
0602903,2,Boom Markets
0602904,2,Boom Markets
0602905,3,Persistently Depressed
0603100,3,Persistently Depressed
0603300,3,Persistently Depressed
0603701,2,Boom Markets
0603702,4,Above-Average Recovery
0603703,2,Boom Markets
0603704,2,Boom Markets
0603705,4,Above-Average Recovery
0603706,2,Boom Markets
0603707,2,Boom Markets
0603708,2,Boom Markets
0603709,4,Above-Average Recovery
0603710,2,Boom Markets
0603711,4,Above-Average Recovery
0603712,2,Boom Markets
0603713,4,Above-Average Recovery
0603714,4,Above-Average Recovery
0603715,2,Boom Markets
0603716,2,Boom Markets
0603717,4,Above-Average Recovery
0603718,4,Above-Average Recovery
0603719,4,Above-Average Recovery
0603720,4,Above-Average Recovery
0603721,2,Boom Markets
0603722,4,Above-Average Recovery
0603723,2,Boom Markets
0603724,2,Boom Markets
0603725,4,Above-Average Recovery
0603726,4,Above-Average Recovery
0603727,4,Above-Average Recovery
0603728,4,Above-Average Recovery
0603729,4,Above-Average Recovery
0603730,4,Above-Average Recovery
0603731,4,Above-Average Recovery
0603732,4,Above-Average Recovery
0603733,2,Boom Markets
0603734,4,Above-Average Recovery
0603735,2,Boom Markets
0603736,4,Above-Average Recovery
0603737,2,Boom Markets
0603738,2,Boom Markets
0603739,4,Above-Average Recovery
0603740,2,Boom Markets
0603741,2,Boom Markets
0603742,2,Boom Markets
0603743,2,Boom Markets
0603744,2,Boom Markets
0603745,2,Boom Markets
0603746,2,Boom Markets
0603747,2,Boom Markets
0603748,4,Above-Average Recovery
0603749,2,Boom Markets
0603750,2,Boom Markets
0603751,2,Boom Markets
0603752,2,Boom Markets
0603753,4,Above-Average Recovery
0603754,2,Boom Markets
0603755,2,Boom Markets
0603756,2,Boom Markets
0603757,2,Boom Markets
0603758,2,Boom Markets
0603759,2,Boom Markets
0603760,4,Above-Average Recovery
0603761,4,Above-Average Recovery
0603762,2,Boom Markets
0603763,2,Boom Markets
0603764,4,Above-Average Recovery
0603765,4,Above-Average Recovery
0603766,2,Boom Markets
0603767,2,Boom Markets
0603768,4,Above-Average Recovery
0603769,2,Boom Markets
0603900,2,Boom Markets
0604101,4,Above-Average Recovery
0604102,4,Above-Average Recovery
0604701,2,Boom Markets
0604702,2,Boom Markets
0605301,4,Above-Average Recovery
0605302,2,Boom Markets
0605303,2,Boom Markets
0605500,4,Above-Average Recovery
0605700,2,Boom Markets
0605901,4,Above-Average Recovery
0605902,4,Above-Average Recovery
0605903,4,Above-Average Recovery
0605904,4,Above-Average Recovery
0605905,4,Above-Average Recovery
0605906,4,Above-Average Recovery
0605907,4,Above-Average Recovery
0605908,4,Above-Average Recovery
0605909,2,Boom Markets
0605910,4,Above-Average Recovery
0605911,4,Above-Average Recovery
0605912,2,Boom Markets
0605913,2,Boom Markets
0605914,4,Above-Average Recovery
0605915,4,Above-Average Recovery
0605916,2,Boom Markets
0605917,2,Boom Markets
0605918,4,Above-Average Recovery
0606101,1,Below-Average Recovery
0606102,1,Below-Average Recovery
0606103,2,Boom Markets
0606501,2,Boom Markets
0606502,2,Boom Markets
0606503,2,Boom Markets
0606504,2,Boom Markets
0606505,2,Boom Markets
0606506,2,Boom Markets
0606507,2,Boom Markets
0606508,2,Boom Markets
0606509,2,Boom Markets
0606510,2,Boom Markets
0606511,2,Boom Markets
0606512,2,Boom Markets
0606513,2,Boom Markets
0606514,2,Boom Markets
0606515,2,Boom Markets
0606701,2,Boom Markets
0606702,2,Boom Markets
0606703,1,Below-Average Recovery
0606704,2,Boom Markets
0606705,2,Boom Markets
0606706,2,Boom Markets
0606707,1,Below-Average Recovery
0606708,2,Boom Markets
0606709,2,Boom Markets
0606710,2,Boom Markets
0606711,2,Boom Markets
0606712,1,Below-Average Recovery
0607101,2,Boom Markets
0607102,2,Boom Markets
0607103,2,Boom Markets
0607104,2,Boom Markets
0607105,2,Boom Markets
0607106,2,Boom Markets
0607107,2,Boom Markets
0607108,2,Boom Markets
0607109,2,Boom Markets
0607110,2,Boom Markets
0607111,2,Boom Markets
0607112,2,Boom Markets
0607113,2,Boom Markets
0607114,4,Above-Average Recovery
0607115,2,Boom Markets
0607301,2,Boom Markets
0607302,2,Boom Markets
0607303,1,Below-Average Recovery
0607304,4,Above-Average Recovery
0607305,2,Boom Markets
0607306,2,Boom Markets
0607307,2,Boom Markets
0607308,4,Above-Average Recovery
0607309,4,Above-Average Recovery
0607310,4,Above-Average Recovery
0607311,4,Above-Average Recovery
0607312,4,Above-Average Recovery
0607313,2,Boom Markets
0607314,4,Above-Average Recovery
0607315,4,Above-Average Recovery
0607316,4,Above-Average Recovery
0607317,2,Boom Markets
0607318,2,Boom Markets
0607319,2,Boom Markets
0607320,1,Below-Average Recovery
0607321,2,Boom Markets
0607322,2,Boom Markets
0607501,4,Above-Average Recovery
0607502,4,Above-Average Recovery
0607503,4,Above-Average Recovery
0607504,4,Above-Average Recovery
0607505,4,Above-Average Recovery
0607506,4,Above-Average Recovery
0607507,4,Above-Average Recovery
0607701,2,Boom Markets
0607702,2,Boom Markets
0607703,2,Boom Markets
0607704,2,Boom Markets
0607901,2,Boom Markets
0607902,2,Boom Markets
0608101,4,Above-Average Recovery
0608102,4,Above-Average Recovery
0608103,4,Above-Average Recovery
0608104,4,Above-Average Recovery
0608105,4,Above-Average Recovery
0608106,4,Above-Average Recovery
0608301,2,Boom Markets
0608302,2,Boom Markets
0608303,4,Above-Average Recovery
0608501,4,Above-Average Recovery
0608502,4,Above-Average Recovery
0608503,4,Above-Average Recovery
0608504,4,Above-Average Recovery
0608505,4,Above-Average Recovery
0608506,4,Above-Average Recovery
0608507,4,Above-Average Recovery
0608508,4,Above-Average Recovery
0608509,4,Above-Average Recovery
0608510,4,Above-Average Recovery
0608511,4,Above-Average Recovery
0608512,4,Above-Average Recovery
0608513,4,Above-Average Recovery
0608514,2,Boom Markets
0608701,4,Above-Average Recovery
0608702,4,Above-Average Recovery
0608900,3,Persistently Depressed
0609501,2,Boom Markets
0609502,2,Boom Markets
0609503,2,Boom Markets
0609701,4,Above-Average Recovery
0609702,2,Boom Markets
0609703,2,Boom Markets
0609901,2,Boom Markets
0609902,2,Boom Markets
0609903,2,Boom Markets
0609904,2,Boom Markets
0610100,2,Boom Markets
0610701,2,Boom Markets
0610702,3,Persistently Depressed
0610703,3,Persistently Depressed
0611101,2,Boom Markets
0611102,4,Above-Average Recovery
0611103,2,Boom Markets
0611104,4,Above-Average Recovery
0611105,2,Boom Markets
0611106,4,Above-Average Recovery
0611300,2,Boom Markets
0800100,2,Boom Markets
0800102,2,Boom Markets
0800103,1,Below-Average Recovery
0800200,2,Boom Markets
0800300,2,Boom Markets
0800400,4,Above-Average Recovery
0800600,2,Boom Markets
0800700,2,Boom Markets
0800800,3,Persistently Depressed
0800801,4,Above-Average Recovery
0800802,1,Below-Average Recovery
0800803,4,Above-Average Recovery
0800804,1,Below-Average Recovery
0800805,2,Boom Markets
0800806,2,Boom Markets
0800807,2,Boom Markets
0800808,1,Below-Average Recovery
0800809,2,Boom Markets
0800810,2,Boom Markets
0800811,1,Below-Average Recovery
0800812,2,Boom Markets
0800813,2,Boom Markets
0800814,1,Below-Average Recovery
0800815,2,Boom Markets
0800816,2,Boom Markets
0800817,2,Boom Markets
0800818,1,Below-Average Recovery
0800819,2,Boom Markets
0800820,1,Below-Average Recovery
0800821,1,Below-Average Recovery
0800822,1,Below-Average Recovery
0800823,1,Below-Average Recovery
0800824,2,Boom Markets
0800900,2,Boom Markets
0801001,1,Below-Average Recovery
0801002,3,Persistently Depressed
0804101,1,Below-Average Recovery
0804102,1,Below-Average Recovery
0804103,1,Below-Average Recovery
0804104,1,Below-Average Recovery
0804105,2,Boom Markets
0804106,1,Below-Average Recovery
1000101,3,Persistently Depressed
1000102,1,Below-Average Recovery
1000103,3,Persistently Depressed
1000104,1,Below-Average Recovery
1000200,3,Persistently Depressed
1000300,3,Persistently Depressed
1100101,4,Above-Average Recovery
1100102,4,Above-Average Recovery
1100103,4,Above-Average Recovery
1100104,2,Boom Markets
1100105,4,Above-Average Recovery
1200101,3,Persistently Depressed
1200102,1,Below-Average Recovery
1200500,3,Persistently Depressed
1200901,2,Boom Markets
1200902,2,Boom Markets
1200903,2,Boom Markets
1200904,2,Boom Markets
1201101,1,Below-Average Recovery
1201102,2,Boom Markets
1201103,2,Boom Markets
1201104,3,Persistently Depressed
1201105,2,Boom Markets
1201106,2,Boom Markets
1201107,2,Boom Markets
1201108,2,Boom Markets
1201109,2,Boom Markets
1201110,2,Boom Markets
1201111,1,Below-Average Recovery
1201112,2,Boom Markets
1201113,2,Boom Markets
1201114,2,Boom Markets
1201500,3,Persistently Depressed
1201701,3,Persistently Depressed
1201900,1,Below-Average Recovery
1202101,2,Boom Markets
1202102,2,Boom Markets
1202103,2,Boom Markets
1202300,3,Persistently Depressed
1202700,3,Persistently Depressed
1203101,2,Boom Markets
1203102,3,Persistently Depressed
1203103,3,Persistently Depressed
1203104,1,Below-Average Recovery
1203105,2,Boom Markets
1203106,2,Boom Markets
1203107,2,Boom Markets
1203301,3,Persistently Depressed
1203302,2,Boom Markets
1203500,2,Boom Markets
1205301,2,Boom Markets
1205701,2,Boom Markets
1205702,2,Boom Markets
1205703,2,Boom Markets
1205704,2,Boom Markets
1205705,1,Below-Average Recovery
1205706,2,Boom Markets
1205707,2,Boom Markets
1205708,2,Boom Markets
1206100,2,Boom Markets
1206300,3,Persistently Depressed
1206901,3,Persistently Depressed
1206902,3,Persistently Depressed
1206903,2,Boom Markets
1207101,3,Persistently Depressed
1207102,2,Boom Markets
1207103,2,Boom Markets
1207104,2,Boom Markets
1207105,2,Boom Markets
1207300,1,Below-Average Recovery
1207301,3,Persistently Depressed
1208101,2,Boom Markets
1208102,3,Persistently Depressed
1208103,2,Boom Markets
1208301,3,Persistently Depressed
1208302,3,Persistently Depressed
1208303,3,Persistently Depressed
1208500,2,Boom Markets
1208601,2,Boom Markets
1208602,2,Boom Markets
1208603,2,Boom Markets
1208604,3,Persistently Depressed
1208605,2,Boom Markets
1208606,2,Boom Markets
1208607,3,Persistently Depressed
1208608,2,Boom Markets
1208609,2,Boom Markets
1208610,3,Persistently Depressed
1208611,2,Boom Markets
1208612,1,Below-Average Recovery
1208613,2,Boom Markets
1208614,1,Below-Average Recovery
1208615,3,Persistently Depressed
1208616,4,Above-Average Recovery
1208617,2,Boom Markets
1208618,2,Boom Markets
1208619,2,Boom Markets
1208620,3,Persistently Depressed
1208621,2,Boom Markets
1208622,2,Boom Markets
1208623,2,Boom Markets
1208624,2,Boom Markets
1208700,2,Boom Markets
1208900,2,Boom Markets
1209100,3,Persistently Depressed
1209300,3,Persistently Depressed
1209501,2,Boom Markets
1209502,2,Boom Markets
1209503,1,Below-Average Recovery
1209504,2,Boom Markets
1209505,2,Boom Markets
1209506,2,Boom Markets
1209507,2,Boom Markets
1209508,2,Boom Markets
1209509,2,Boom Markets
1209510,2,Boom Markets
1209701,2,Boom Markets
1209702,2,Boom Markets
1209901,1,Below-Average Recovery
1209902,2,Boom Markets
1209903,2,Boom Markets
1209904,2,Boom Markets
1209905,2,Boom Markets
1209906,3,Persistently Depressed
1209907,2,Boom Markets
1209908,1,Below-Average Recovery
1209909,2,Boom Markets
1209910,1,Below-Average Recovery
1209911,2,Boom Markets
1210101,2,Boom Markets
1210102,3,Persistently Depressed
1210103,3,Persistently Depressed
1210104,2,Boom Markets
1210301,2,Boom Markets
1210302,3,Persistently Depressed
1210303,2,Boom Markets
1210304,3,Persistently Depressed
1210305,2,Boom Markets
1210306,2,Boom Markets
1210307,2,Boom Markets
1210308,2,Boom Markets
1210501,2,Boom Markets
1210502,2,Boom Markets
1210503,2,Boom Markets
1210504,3,Persistently Depressed
1210700,3,Persistently Depressed
1210900,1,Below-Average Recovery
1211101,3,Persistently Depressed
1211102,2,Boom Markets
1211300,2,Boom Markets
1211501,2,Boom Markets
1211502,3,Persistently Depressed
1211503,2,Boom Markets
1211701,1,Below-Average Recovery
1211702,2,Boom Markets
1211703,2,Boom Markets
1211704,1,Below-Average Recovery
1212100,3,Persistently Depressed
1212701,3,Persistently Depressed
1212702,3,Persistently Depressed
1212703,3,Persistently Depressed
1212704,2,Boom Markets
1300100,3,Persistently Depressed
1300200,3,Persistently Depressed
1300300,3,Persistently Depressed
1300401,3,Persistently Depressed
1300402,3,Persistently Depressed
1300500,3,Persistently Depressed
1300600,3,Persistently Depressed
1300700,3,Persistently Depressed
1300800,3,Persistently Depressed
1300900,3,Persistently Depressed
1301001,1,Below-Average Recovery
1301002,1,Below-Average Recovery
1301003,2,Boom Markets
1301004,1,Below-Average Recovery
1301005,1,Below-Average Recovery
1301006,1,Below-Average Recovery
1301007,1,Below-Average Recovery
1301008,2,Boom Markets
1301100,3,Persistently Depressed
1301200,3,Persistently Depressed
1301300,3,Persistently Depressed
1301400,3,Persistently Depressed
1301500,1,Below-Average Recovery
1301600,3,Persistently Depressed
1301700,3,Persistently Depressed
1301800,3,Persistently Depressed
1301900,3,Persistently Depressed
1302001,2,Boom Markets
1302002,1,Below-Average Recovery
1302003,1,Below-Average Recovery
1302004,1,Below-Average Recovery
1302100,1,Below-Average Recovery
1302200,3,Persistently Depressed
1302300,2,Boom Markets
1302400,1,Below-Average Recovery
1302500,3,Persistently Depressed
1302600,3,Persistently Depressed
1302700,3,Persistently Depressed
1302800,3,Persistently Depressed
1302900,2,Boom Markets
1303001,1,Below-Average Recovery
1303002,1,Below-Average Recovery
1303003,1,Below-Average Recovery
1303004,1,Below-Average Recovery
1303005,1,Below-Average Recovery
1303101,1,Below-Average Recovery
1303102,1,Below-Average Recovery
1303200,3,Persistently Depressed
1303300,1,Below-Average Recovery
1303400,2,Boom Markets
1303500,3,Persistently Depressed
1303600,1,Below-Average Recovery
1303700,3,Persistently Depressed
1303800,2,Boom Markets
1303900,1,Below-Average Recovery
1304000,3,Persistently Depressed
1304001,1,Below-Average Recovery
1304002,1,Below-Average Recovery
1304003,1,Below-Average Recovery
1304004,1,Below-Average Recovery
1304005,1,Below-Average Recovery
1304006,3,Persistently Depressed
1304100,1,Below-Average Recovery
1304200,3,Persistently Depressed
1304300,1,Below-Average Recovery
1304400,2,Boom Markets
1304500,1,Below-Average Recovery
1304600,2,Boom Markets
1305001,2,Boom Markets
1305002,2,Boom Markets
1306001,1,Below-Average Recovery
1306002,1,Below-Average Recovery
1500100,4,Above-Average Recovery
1500200,2,Boom Markets
1500301,1,Below-Average Recovery
1500302,4,Above-Average Recovery
1500303,4,Above-Average Recovery
1500304,3,Persistently Depressed
1500305,4,Above-Average Recovery
1500306,4,Above-Average Recovery
1500307,4,Above-Average Recovery
1500308,4,Above-Average Recovery
1600100,2,Boom Markets
1600200,2,Boom Markets
1600300,2,Boom Markets
1600400,2,Boom Markets
1600500,2,Boom Markets
1600600,2,Boom Markets
1600701,2,Boom Markets
1600702,2,Boom Markets
1600800,2,Boom Markets
1600900,2,Boom Markets
1601000,2,Boom Markets
1601100,2,Boom Markets
1601200,2,Boom Markets
1601300,2,Boom Markets
1700104,3,Persistently Depressed
1700105,3,Persistently Depressed
1700202,3,Persistently Depressed
1700300,3,Persistently Depressed
1700401,3,Persistently Depressed
1700501,3,Persistently Depressed
1700600,3,Persistently Depressed
1700700,3,Persistently Depressed
1700800,3,Persistently Depressed
1700900,3,Persistently Depressed
1701001,3,Persistently Depressed
1701104,3,Persistently Depressed
1701105,3,Persistently Depressed
1701204,1,Below-Average Recovery
1701205,3,Persistently Depressed
1701300,3,Persistently Depressed
1701500,3,Persistently Depressed
1701602,3,Persistently Depressed
1701701,3,Persistently Depressed
1701900,3,Persistently Depressed
1702000,1,Below-Average Recovery
1702100,3,Persistently Depressed
1702200,3,Persistently Depressed
1702300,3,Persistently Depressed
1702400,3,Persistently Depressed
1702501,3,Persistently Depressed
1702601,3,Persistently Depressed
1702700,3,Persistently Depressed
1702801,3,Persistently Depressed
1702901,3,Persistently Depressed
1703005,3,Persistently Depressed
1703007,1,Below-Average Recovery
1703008,3,Persistently Depressed
1703009,1,Below-Average Recovery
1703102,3,Persistently Depressed
1703105,1,Below-Average Recovery
1703106,1,Below-Average Recovery
1703107,1,Below-Average Recovery
1703108,1,Below-Average Recovery
1703202,1,Below-Average Recovery
1703203,1,Below-Average Recovery
1703204,1,Below-Average Recovery
1703205,1,Below-Average Recovery
1703207,1,Below-Average Recovery
1703208,1,Below-Average Recovery
1703209,1,Below-Average Recovery
1703306,1,Below-Average Recovery
1703307,3,Persistently Depressed
1703308,1,Below-Average Recovery
1703309,1,Below-Average Recovery
1703310,1,Below-Average Recovery
1703401,1,Below-Average Recovery
1703407,3,Persistently Depressed
1703408,2,Boom Markets
1703409,3,Persistently Depressed
1703410,3,Persistently Depressed
1703411,3,Persistently Depressed
1703412,3,Persistently Depressed
1703413,3,Persistently Depressed
1703414,3,Persistently Depressed
1703415,3,Persistently Depressed
1703416,4,Above-Average Recovery
1703417,1,Below-Average Recovery
1703418,3,Persistently Depressed
1703419,3,Persistently Depressed
1703420,3,Persistently Depressed
1703421,1,Below-Average Recovery
1703422,3,Persistently Depressed
1703501,3,Persistently Depressed
1703502,1,Below-Average Recovery
1703503,1,Below-Average Recovery
1703504,1,Below-Average Recovery
1703520,1,Below-Average Recovery
1703521,3,Persistently Depressed
1703522,1,Below-Average Recovery
1703523,3,Persistently Depressed
1703524,1,Below-Average Recovery
1703525,1,Below-Average Recovery
1703526,3,Persistently Depressed
1703527,3,Persistently Depressed
1703528,3,Persistently Depressed
1703529,3,Persistently Depressed
1703530,3,Persistently Depressed
1703531,3,Persistently Depressed
1703532,3,Persistently Depressed
1703601,1,Below-Average Recovery
1703602,1,Below-Average Recovery
1703700,1,Below-Average Recovery
1800101,3,Persistently Depressed
1800102,3,Persistently Depressed
1800103,3,Persistently Depressed
1800104,1,Below-Average Recovery
1800200,1,Below-Average Recovery
1800300,3,Persistently Depressed
1800401,3,Persistently Depressed
1800402,1,Below-Average Recovery
1800500,3,Persistently Depressed
1800600,3,Persistently Depressed
1800700,3,Persistently Depressed
1800800,3,Persistently Depressed
1800900,3,Persistently Depressed
1801001,3,Persistently Depressed
1801002,3,Persistently Depressed
1801003,1,Below-Average Recovery
1801100,3,Persistently Depressed
1801200,3,Persistently Depressed
1801300,3,Persistently Depressed
1801400,3,Persistently Depressed
1801500,3,Persistently Depressed
1801600,3,Persistently Depressed
1801700,3,Persistently Depressed
1801801,1,Below-Average Recovery
1801802,1,Below-Average Recovery
1801803,1,Below-Average Recovery
1801900,3,Persistently Depressed
1802000,3,Persistently Depressed
1802100,3,Persistently Depressed
1802200,1,Below-Average Recovery
1802301,3,Persistently Depressed
1802302,1,Below-Average Recovery
1802303,1,Below-Average Recovery
1802304,3,Persistently Depressed
1802305,2,Boom Markets
1802306,3,Persistently Depressed
1802307,3,Persistently Depressed
1802400,1,Below-Average Recovery
1802500,1,Below-Average Recovery
1802600,3,Persistently Depressed
1802700,3,Persistently Depressed
1802800,3,Persistently Depressed
1802900,3,Persistently Depressed
1803000,3,Persistently Depressed
1803100,3,Persistently Depressed
1803200,3,Persistently Depressed
1803300,3,Persistently Depressed
1803400,3,Persistently Depressed
1803500,3,Persistently Depressed
1803600,3,Persistently Depressed
1900100,3,Persistently Depressed
1900200,3,Persistently Depressed
1900400,3,Persistently Depressed
1900500,1,Below-Average Recovery
1900600,3,Persistently Depressed
1900700,3,Persistently Depressed
1900800,3,Persistently Depressed
1900900,1,Below-Average Recovery
1901000,1,Below-Average Recovery
1901100,1,Below-Average Recovery
1901200,3,Persistently Depressed
1901300,1,Below-Average Recovery
1901400,1,Below-Average Recovery
1901500,1,Below-Average Recovery
1901600,1,Below-Average Recovery
1901700,3,Persistently Depressed
1901800,3,Persistently Depressed
1901900,3,Persistently Depressed
1902000,3,Persistently Depressed
1902100,3,Persistently Depressed
1902200,3,Persistently Depressed
1902300,3,Persistently Depressed
2000100,3,Persistently Depressed
2000200,3,Persistently Depressed
2000300,3,Persistently Depressed
2000400,3,Persistently Depressed
2000500,3,Persistently Depressed
2000601,1,Below-Average Recovery
2000602,1,Below-Average Recovery
2000603,1,Below-Average Recovery
2000604,1,Below-Average Recovery
2000700,1,Below-Average Recovery
2000801,3,Persistently Depressed
2000802,3,Persistently Depressed
2000900,3,Persistently Depressed
2001000,3,Persistently Depressed
2001100,3,Persistently Depressed
2001200,3,Persistently Depressed
2001301,1,Below-Average Recovery
2001302,3,Persistently Depressed
2001303,3,Persistently Depressed
2001304,3,Persistently Depressed
2001400,3,Persistently Depressed
2001500,3,Persistently Depressed
2100100,3,Persistently Depressed
2100200,3,Persistently Depressed
2100300,3,Persistently Depressed
2100400,3,Persistently Depressed
2100500,3,Persistently Depressed
2100600,3,Persistently Depressed
2100700,3,Persistently Depressed
2100800,3,Persistently Depressed
2100900,3,Persistently Depressed
2101000,3,Persistently Depressed
2101100,3,Persistently Depressed
2101200,3,Persistently Depressed
2101300,3,Persistently Depressed
2101400,3,Persistently Depressed
2101500,3,Persistently Depressed
2101600,3,Persistently Depressed
2101701,3,Persistently Depressed
2101702,1,Below-Average Recovery
2101703,1,Below-Average Recovery
2101704,1,Below-Average Recovery
2101705,3,Persistently Depressed
2101706,3,Persistently Depressed
2101800,1,Below-Average Recovery
2101901,3,Persistently Depressed
2101902,1,Below-Average Recovery
2102000,3,Persistently Depressed
2102100,3,Persistently Depressed
2102200,3,Persistently Depressed
2102300,3,Persistently Depressed
2102400,1,Below-Average Recovery
2102500,1,Below-Average Recovery
2102600,3,Persistently Depressed
2102700,3,Persistently Depressed
2102800,3,Persistently Depressed
2200100,3,Persistently Depressed
2200101,3,Persistently Depressed
2200200,3,Persistently Depressed
2200300,3,Persistently Depressed
2200400,3,Persistently Depressed
2200500,3,Persistently Depressed
2200600,3,Persistently Depressed
2200700,3,Persistently Depressed
2200800,3,Persistently Depressed
2200900,3,Persistently Depressed
2201000,3,Persistently Depressed
2201100,3,Persistently Depressed
2201200,3,Persistently Depressed
2201201,3,Persistently Depressed
2201300,3,Persistently Depressed
2201400,3,Persistently Depressed
2201500,3,Persistently Depressed
2201501,3,Persistently Depressed
2201502,3,Persistently Depressed
2201600,3,Persistently Depressed
2201700,3,Persistently Depressed
2201800,3,Persistently Depressed
2201900,3,Persistently Depressed
2202000,3,Persistently Depressed
2202100,3,Persistently Depressed
2202200,3,Persistently Depressed
2202201,3,Persistently Depressed
2202300,3,Persistently Depressed
2202301,3,Persistently Depressed
2202302,3,Persistently Depressed
2202400,3,Persistently Depressed
2202401,3,Persistently Depressed
2202402,3,Persistently Depressed
2202500,3,Persistently Depressed
2300100,3,Persistently Depressed
2300200,3,Persistently Depressed
2300300,3,Persistently Depressed
2300400,3,Persistently Depressed
2300500,3,Persistently Depressed
2300600,1,Below-Average Recovery
2300700,1,Below-Average Recovery
2300800,1,Below-Average Recovery
2300900,1,Below-Average Recovery
2301000,1,Below-Average Recovery
2400100,3,Persistently Depressed
2400200,1,Below-Average Recovery
2400301,1,Below-Average Recovery
2400302,1,Below-Average Recovery
2400400,1,Below-Average Recovery
2400501,1,Below-Average Recovery
2400502,1,Below-Average Recovery
2400503,1,Below-Average Recovery
2400504,1,Below-Average Recovery
2400505,1,Below-Average Recovery
2400506,3,Persistently Depressed
2400507,1,Below-Average Recovery
2400601,1,Below-Average Recovery
2400602,1,Below-Average Recovery
2400700,1,Below-Average Recovery
2400801,3,Persistently Depressed
2400802,1,Below-Average Recovery
2400803,3,Persistently Depressed
2400804,3,Persistently Depressed
2400805,3,Persistently Depressed
2400901,4,Above-Average Recovery
2400902,1,Below-Average Recovery
2401001,1,Below-Average Recovery
2401002,1,Below-Average Recovery
2401003,1,Below-Average Recovery
2401004,4,Above-Average Recovery
2401005,1,Below-Average Recovery
2401006,1,Below-Average Recovery
2401007,1,Below-Average Recovery
2401101,1,Below-Average Recovery
2401102,1,Below-Average Recovery
2401103,1,Below-Average Recovery
2401104,1,Below-Average Recovery
2401105,1,Below-Average Recovery
2401106,1,Below-Average Recovery
2401107,1,Below-Average Recovery
2401201,1,Below-Average Recovery
2401202,1,Below-Average Recovery
2401203,1,Below-Average Recovery
2401204,1,Below-Average Recovery
2401300,3,Persistently Depressed
2401400,3,Persistently Depressed
2401500,1,Below-Average Recovery
2401600,1,Below-Average Recovery
2500100,3,Persistently Depressed
2500200,1,Below-Average Recovery
2500300,1,Below-Average Recovery
2500301,1,Below-Average Recovery
2500302,1,Below-Average Recovery
2500303,1,Below-Average Recovery
2500304,1,Below-Average Recovery
2500400,1,Below-Average Recovery
2500501,1,Below-Average Recovery
2500502,1,Below-Average Recovery
2500503,4,Above-Average Recovery
2500504,1,Below-Average Recovery
2500505,4,Above-Average Recovery
2500506,4,Above-Average Recovery
2500507,1,Below-Average Recovery
2500508,1,Below-Average Recovery
2500701,1,Below-Average Recovery
2500702,1,Below-Average Recovery
2500703,1,Below-Average Recovery
2500704,1,Below-Average Recovery
2501000,1,Below-Average Recovery
2501300,1,Below-Average Recovery
2501400,4,Above-Average Recovery
2501600,1,Below-Average Recovery
2501900,3,Persistently Depressed
2501901,1,Below-Average Recovery
2501902,1,Below-Average Recovery
2502400,1,Below-Average Recovery
2502800,1,Below-Average Recovery
2503301,1,Below-Average Recovery
2503302,4,Above-Average Recovery
2503303,1,Below-Average Recovery
2503304,1,Below-Average Recovery
2503305,1,Below-Average Recovery
2503306,1,Below-Average Recovery
2503400,4,Above-Average Recovery
2503500,4,Above-Average Recovery
2503601,1,Below-Average Recovery
2503602,1,Below-Average Recovery
2503603,1,Below-Average Recovery
2503900,1,Below-Average Recovery
2504000,1,Below-Average Recovery
2504200,1,Below-Average Recovery
2504301,1,Below-Average Recovery
2504302,1,Below-Average Recovery
2504303,1,Below-Average Recovery
2504500,1,Below-Average Recovery
2504700,1,Below-Average Recovery
2504800,1,Below-Average Recovery
2504901,1,Below-Average Recovery
2504902,1,Below-Average Recovery
2504903,1,Below-Average Recovery
2600100,3,Persistently Depressed
2600200,3,Persistently Depressed
2600300,3,Persistently Depressed
2600400,3,Persistently Depressed
2600500,3,Persistently Depressed
2600600,3,Persistently Depressed
2600700,3,Persistently Depressed
2600801,1,Below-Average Recovery
2600802,1,Below-Average Recovery
2600900,1,Below-Average Recovery
2601001,1,Below-Average Recovery
2601002,3,Persistently Depressed
2601003,1,Below-Average Recovery
2601004,1,Below-Average Recovery
2601100,3,Persistently Depressed
2601200,3,Persistently Depressed
2601300,3,Persistently Depressed
2601400,3,Persistently Depressed
2601500,3,Persistently Depressed
2601600,3,Persistently Depressed
2601701,1,Below-Average Recovery
2601702,3,Persistently Depressed
2601703,3,Persistently Depressed
2601704,3,Persistently Depressed
2601801,1,Below-Average Recovery
2601802,3,Persistently Depressed
2601900,1,Below-Average Recovery
2602000,3,Persistently Depressed
2602101,1,Below-Average Recovery
2602102,1,Below-Average Recovery
2602200,3,Persistently Depressed
2602300,3,Persistently Depressed
2602400,3,Persistently Depressed
2602500,3,Persistently Depressed
2602600,1,Below-Average Recovery
2602701,1,Below-Average Recovery
2602702,1,Below-Average Recovery
2602703,1,Below-Average Recovery
2602800,1,Below-Average Recovery
2602901,1,Below-Average Recovery
2602902,1,Below-Average Recovery
2602903,1,Below-Average Recovery
2602904,2,Boom Markets
2602905,1,Below-Average Recovery
2602906,1,Below-Average Recovery
2602907,1,Below-Average Recovery
2602908,2,Boom Markets
2603001,1,Below-Average Recovery
2603002,1,Below-Average Recovery
2603003,3,Persistently Depressed
2603004,3,Persistently Depressed
2603005,2,Boom Markets
2603006,3,Persistently Depressed
2603100,3,Persistently Depressed
2603201,1,Below-Average Recovery
2603202,1,Below-Average Recovery
2603203,2,Boom Markets
2603204,3,Persistently Depressed
2603205,3,Persistently Depressed
2603206,1,Below-Average Recovery
2603207,3,Persistently Depressed
2603208,3,Persistently Depressed
2603209,3,Persistently Depressed
2603210,3,Persistently Depressed
2603211,2,Boom Markets
2603212,3,Persistently Depressed
2603213,3,Persistently Depressed
2603300,3,Persistently Depressed
2700100,3,Persistently Depressed
2700200,3,Persistently Depressed
2700300,3,Persistently Depressed
2700400,3,Persistently Depressed
2700500,1,Below-Average Recovery
2700600,3,Persistently Depressed
2700700,3,Persistently Depressed
2700800,3,Persistently Depressed
2700900,3,Persistently Depressed
2701000,1,Below-Average Recovery
2701101,1,Below-Average Recovery
2701102,1,Below-Average Recovery
2701103,1,Below-Average Recovery
2701201,1,Below-Average Recovery
2701202,1,Below-Average Recovery
2701301,1,Below-Average Recovery
2701302,1,Below-Average Recovery
2701303,3,Persistently Depressed
2701304,1,Below-Average Recovery
2701401,1,Below-Average Recovery
2701402,1,Below-Average Recovery
2701403,1,Below-Average Recovery
2701404,2,Boom Markets
2701405,3,Persistently Depressed
2701406,1,Below-Average Recovery
2701407,1,Below-Average Recovery
2701408,1,Below-Average Recovery
2701409,1,Below-Average Recovery
2701410,1,Below-Average Recovery
2701501,1,Below-Average Recovery
2701502,1,Below-Average Recovery
2701503,1,Below-Average Recovery
2701600,1,Below-Average Recovery
2701700,1,Below-Average Recovery
2701800,1,Below-Average Recovery
2701900,3,Persistently Depressed
2702000,3,Persistently Depressed
2702100,3,Persistently Depressed
2702200,3,Persistently Depressed
2702300,3,Persistently Depressed
2702400,3,Persistently Depressed
2702500,1,Below-Average Recovery
2702600,3,Persistently Depressed
2800100,3,Persistently Depressed
2800200,3,Persistently Depressed
2800300,3,Persistently Depressed
2800400,3,Persistently Depressed
2800500,3,Persistently Depressed
2800600,3,Persistently Depressed
2800700,3,Persistently Depressed
2800800,3,Persistently Depressed
2800900,3,Persistently Depressed
2801000,3,Persistently Depressed
2801100,3,Persistently Depressed
2801200,3,Persistently Depressed
2801300,3,Persistently Depressed
2801400,3,Persistently Depressed
2801500,3,Persistently Depressed
2801600,3,Persistently Depressed
2801700,3,Persistently Depressed
2801800,3,Persistently Depressed
2801900,3,Persistently Depressed
2802000,3,Persistently Depressed
2802100,3,Persistently Depressed
2900100,3,Persistently Depressed
2900200,3,Persistently Depressed
2900300,3,Persistently Depressed
2900400,3,Persistently Depressed
2900500,3,Persistently Depressed
2900600,1,Below-Average Recovery
2900700,3,Persistently Depressed
2900800,3,Persistently Depressed
2900901,1,Below-Average Recovery
2900902,3,Persistently Depressed
2900903,1,Below-Average Recovery
2901001,3,Persistently Depressed
2901002,3,Persistently Depressed
2901003,1,Below-Average Recovery
2901004,1,Below-Average Recovery
2901005,3,Persistently Depressed
2901100,3,Persistently Depressed
2901200,3,Persistently Depressed
2901300,3,Persistently Depressed
2901400,3,Persistently Depressed
2901500,3,Persistently Depressed
2901600,3,Persistently Depressed
2901701,1,Below-Average Recovery
2901702,1,Below-Average Recovery
2901703,1,Below-Average Recovery
2901801,3,Persistently Depressed
2901802,3,Persistently Depressed
2901803,3,Persistently Depressed
2901804,1,Below-Average Recovery
2901805,4,Above-Average Recovery
2901806,1,Below-Average Recovery
2901807,3,Persistently Depressed
2901808,1,Below-Average Recovery
2901901,3,Persistently Depressed
2901902,3,Persistently Depressed
2902001,1,Below-Average Recovery
2902002,3,Persistently Depressed
2902100,3,Persistently Depressed
2902200,3,Persistently Depressed
2902300,3,Persistently Depressed
2902400,3,Persistently Depressed
2902500,3,Persistently Depressed
2902601,3,Persistently Depressed
2902602,3,Persistently Depressed
2902603,1,Below-Average Recovery
2902700,3,Persistently Depressed
2902800,3,Persistently Depressed
3000100,2,Boom Markets
3000200,2,Boom Markets
3000300,3,Persistently Depressed
3000400,3,Persistently Depressed
3000500,2,Boom Markets
3000600,3,Persistently Depressed
3000700,3,Persistently Depressed
3100100,3,Persistently Depressed
3100200,3,Persistently Depressed
3100300,3,Persistently Depressed
3100400,3,Persistently Depressed
3100500,3,Persistently Depressed
3100600,3,Persistently Depressed
3100701,3,Persistently Depressed
3100702,1,Below-Average Recovery
3100801,1,Below-Average Recovery
3100802,1,Below-Average Recovery
3100901,1,Below-Average Recovery
3100902,1,Below-Average Recovery
3100903,3,Persistently Depressed
3100904,3,Persistently Depressed
3200101,2,Boom Markets
3200102,2,Boom Markets
3200103,2,Boom Markets
3200200,2,Boom Markets
3200300,2,Boom Markets
3200401,2,Boom Markets
3200402,2,Boom Markets
3200403,2,Boom Markets
3200404,2,Boom Markets
3200405,2,Boom Markets
3200406,2,Boom Markets
3200407,2,Boom Markets
3200408,2,Boom Markets
3200409,2,Boom Markets
3200410,2,Boom Markets
3200411,2,Boom Markets
3200412,2,Boom Markets
3200413,2,Boom Markets
3300100,3,Persistently Depressed
3300200,1,Below-Average Recovery
3300300,1,Below-Average Recovery
3300400,1,Below-Average Recovery
3300500,1,Below-Average Recovery
3300600,1,Below-Average Recovery
3300700,1,Below-Average Recovery
3300800,1,Below-Average Recovery
3300900,1,Below-Average Recovery
3301000,1,Below-Average Recovery
3400101,3,Persistently Depressed
3400102,1,Below-Average Recovery
3400301,1,Below-Average Recovery
3400302,1,Below-Average Recovery
3400303,1,Below-Average Recovery
3400304,1,Below-Average Recovery
3400305,4,Above-Average Recovery
3400306,4,Above-Average Recovery
3400307,1,Below-Average Recovery
3400308,4,Above-Average Recovery
3400400,3,Persistently Depressed
3400501,1,Below-Average Recovery
3400502,1,Below-Average Recovery
3400503,1,Below-Average Recovery
3400601,4,Above-Average Recovery
3400602,3,Persistently Depressed
3400701,3,Persistently Depressed
3400702,4,Above-Average Recovery
3400703,1,Below-Average Recovery
3400800,1,Below-Average Recovery
3400901,1,Below-Average Recovery
3400902,1,Below-Average Recovery
3400903,1,Below-Average Recovery
3400904,1,Below-Average Recovery
3400905,1,Below-Average Recovery
3400906,1,Below-Average Recovery
3400907,1,Below-Average Recovery
3401001,4,Above-Average Recovery
3401002,1,Below-Average Recovery
3401003,1,Below-Average Recovery
3401101,1,Below-Average Recovery
3401102,1,Below-Average Recovery
3401103,1,Below-Average Recovery
3401104,1,Below-Average Recovery
3401105,1,Below-Average Recovery
3401106,1,Below-Average Recovery
3401201,1,Below-Average Recovery
3401202,1,Below-Average Recovery
3401203,3,Persistently Depressed
3401204,3,Persistently Depressed
3401205,1,Below-Average Recovery
3401301,3,Persistently Depressed
3401302,3,Persistently Depressed
3401401,1,Below-Average Recovery
3401402,1,Below-Average Recovery
3401403,4,Above-Average Recovery
3401404,4,Above-Average Recovery
3401501,1,Below-Average Recovery
3401502,1,Below-Average Recovery
3401503,1,Below-Average Recovery
3401504,4,Above-Average Recovery
3401600,1,Below-Average Recovery
3401700,1,Below-Average Recovery
3401800,3,Persistently Depressed
3401901,1,Below-Average Recovery
3401902,4,Above-Average Recovery
3401903,4,Above-Average Recovery
3401904,1,Below-Average Recovery
3402001,1,Below-Average Recovery
3402002,1,Below-Average Recovery
3402003,1,Below-Average Recovery
3402101,3,Persistently Depressed
3402102,1,Below-Average Recovery
3402103,1,Below-Average Recovery
3402104,1,Below-Average Recovery
3402201,1,Below-Average Recovery
3402202,1,Below-Average Recovery
3402301,3,Persistently Depressed
3402302,4,Above-Average Recovery
3402303,1,Below-Average Recovery
3402400,3,Persistently Depressed
3402500,3,Persistently Depressed
3402600,3,Persistently Depressed
3500100,3,Persistently Depressed
3500200,3,Persistently Depressed
3500300,3,Persistently Depressed
3500400,3,Persistently Depressed
3500500,3,Persistently Depressed
3500600,3,Persistently Depressed
3500700,3,Persistently Depressed
3500801,1,Below-Average Recovery
3500802,1,Below-Average Recovery
3500803,3,Persistently Depressed
3500804,3,Persistently Depressed
3500805,1,Below-Average Recovery
3500806,3,Persistently Depressed
3500900,3,Persistently Depressed
3501001,3,Persistently Depressed
3501002,3,Persistently Depressed
3501100,3,Persistently Depressed
3501200,3,Persistently Depressed
3600100,3,Persistently Depressed
3600200,3,Persistently Depressed
3600300,1,Below-Average Recovery
3600401,3,Persistently Depressed
3600402,3,Persistently Depressed
3600403,3,Persistently Depressed
3600500,1,Below-Average Recovery
3600600,3,Persistently Depressed
3600701,3,Persistently Depressed
3600702,1,Below-Average Recovery
3600703,1,Below-Average Recovery
3600704,1,Below-Average Recovery
3600800,3,Persistently Depressed
3600901,1,Below-Average Recovery
3600902,3,Persistently Depressed
3600903,3,Persistently Depressed
3600904,1,Below-Average Recovery
3600905,1,Below-Average Recovery
3600906,1,Below-Average Recovery
3601000,3,Persistently Depressed
3601101,3,Persistently Depressed
3601102,1,Below-Average Recovery
3601201,3,Persistently Depressed
3601202,1,Below-Average Recovery
3601203,1,Below-Average Recovery
3601204,3,Persistently Depressed
3601205,3,Persistently Depressed
3601206,2,Boom Markets
3601207,1,Below-Average Recovery
3601300,3,Persistently Depressed
3601400,1,Below-Average Recovery
3601500,3,Persistently Depressed
3601600,3,Persistently Depressed
3601700,1,Below-Average Recovery
3601801,1,Below-Average Recovery
3601802,1,Below-Average Recovery
3601900,1,Below-Average Recovery
3602001,3,Persistently Depressed
3602002,1,Below-Average Recovery
3602100,3,Persistently Depressed
3602201,3,Persistently Depressed
3602202,3,Persistently Depressed
3602203,3,Persistently Depressed
3602300,1,Below-Average Recovery
3602401,3,Persistently Depressed
3602402,3,Persistently Depressed
3602500,3,Persistently Depressed
3602600,3,Persistently Depressed
3602701,3,Persistently Depressed
3602702,1,Below-Average Recovery
3602801,1,Below-Average Recovery
3602802,1,Below-Average Recovery
3602901,1,Below-Average Recovery
3602902,1,Below-Average Recovery
3602903,1,Below-Average Recovery
3603001,1,Below-Average Recovery
3603002,1,Below-Average Recovery
3603003,1,Below-Average Recovery
3603101,1,Below-Average Recovery
3603102,1,Below-Average Recovery
3603103,4,Above-Average Recovery
3603104,4,Above-Average Recovery
3603105,4,Above-Average Recovery
3603106,1,Below-Average Recovery
3603107,1,Below-Average Recovery
3603201,4,Above-Average Recovery
3603202,4,Above-Average Recovery
3603203,1,Below-Average Recovery
3603204,1,Below-Average Recovery
3603205,1,Below-Average Recovery
3603206,1,Below-Average Recovery
3603207,1,Below-Average Recovery
3603208,1,Below-Average Recovery
3603209,4,Above-Average Recovery
3603210,1,Below-Average Recovery
3603211,1,Below-Average Recovery
3603212,4,Above-Average Recovery
3603301,1,Below-Average Recovery
3603302,4,Above-Average Recovery
3603303,1,Below-Average Recovery
3603304,1,Below-Average Recovery
3603305,4,Above-Average Recovery
3603306,1,Below-Average Recovery
3603307,1,Below-Average Recovery
3603308,1,Below-Average Recovery
3603309,1,Below-Average Recovery
3603310,1,Below-Average Recovery
3603311,1,Below-Average Recovery
3603312,1,Below-Average Recovery
3603313,1,Below-Average Recovery
3603701,3,Persistently Depressed
3603702,3,Persistently Depressed
3603703,3,Persistently Depressed
3603704,1,Below-Average Recovery
3603705,3,Persistently Depressed
3603706,3,Persistently Depressed
3603707,3,Persistently Depressed
3603708,3,Persistently Depressed
3603709,2,Boom Markets
3603710,3,Persistently Depressed
3603801,3,Persistently Depressed
3603802,4,Above-Average Recovery
3603803,4,Above-Average Recovery
3603804,4,Above-Average Recovery
3603805,4,Above-Average Recovery
3603806,4,Above-Average Recovery
3603807,4,Above-Average Recovery
3603808,4,Above-Average Recovery
3603809,4,Above-Average Recovery
3603810,4,Above-Average Recovery
3603901,1,Below-Average Recovery
3603902,1,Below-Average Recovery
3603903,1,Below-Average Recovery
3604001,4,Above-Average Recovery
3604002,4,Above-Average Recovery
3604003,4,Above-Average Recovery
3604004,4,Above-Average Recovery
3604005,4,Above-Average Recovery
3604006,4,Above-Average Recovery
3604007,3,Persistently Depressed
3604008,1,Below-Average Recovery
3604009,1,Below-Average Recovery
3604010,1,Below-Average Recovery
3604011,4,Above-Average Recovery
3604012,4,Above-Average Recovery
3604013,4,Above-Average Recovery
3604014,4,Above-Average Recovery
3604015,4,Above-Average Recovery
3604016,1,Below-Average Recovery
3604017,4,Above-Average Recovery
3604018,2,Boom Markets
3604101,1,Below-Average Recovery
3604102,3,Persistently Depressed
3604103,1,Below-Average Recovery
3604104,4,Above-Average Recovery
3604105,1,Below-Average Recovery
3604106,1,Below-Average Recovery
3604107,3,Persistently Depressed
3604108,1,Below-Average Recovery
3604109,1,Below-Average Recovery
3604110,1,Below-Average Recovery
3604111,1,Below-Average Recovery
3604112,1,Below-Average Recovery
3604113,1,Below-Average Recovery
3604114,3,Persistently Depressed
3700100,3,Persistently Depressed
3700200,3,Persistently Depressed
3700300,3,Persistently Depressed
3700400,3,Persistently Depressed
3700500,3,Persistently Depressed
3700600,3,Persistently Depressed
3700700,3,Persistently Depressed
3700800,3,Persistently Depressed
3700900,3,Persistently Depressed
3701000,3,Persistently Depressed
3701100,3,Persistently Depressed
3701201,1,Below-Average Recovery
3701202,1,Below-Average Recovery
3701203,1,Below-Average Recovery
3701204,1,Below-Average Recovery
3701205,1,Below-Average Recovery
3701206,1,Below-Average Recovery
3701207,1,Below-Average Recovery
3701208,1,Below-Average Recovery
3701301,1,Below-Average Recovery
3701302,3,Persistently Depressed
3701400,1,Below-Average Recovery
3701500,3,Persistently Depressed
3701600,3,Persistently Depressed
3701701,3,Persistently Depressed
3701702,3,Persistently Depressed
3701703,1,Below-Average Recovery
3701704,3,Persistently Depressed
3701801,3,Persistently Depressed
3701802,3,Persistently Depressed
3701803,1,Below-Average Recovery
3701900,3,Persistently Depressed
3702000,3,Persistently Depressed
3702100,3,Persistently Depressed
3702201,2,Boom Markets
3702202,3,Persistently Depressed
3702300,3,Persistently Depressed
3702400,3,Persistently Depressed
3702500,3,Persistently Depressed
3702600,3,Persistently Depressed
3702700,3,Persistently Depressed
3702800,3,Persistently Depressed
3702900,1,Below-Average Recovery
3703001,1,Below-Average Recovery
3703002,1,Below-Average Recovery
3703101,2,Boom Markets
3703102,3,Persistently Depressed
3703103,2,Boom Markets
3703104,1,Below-Average Recovery
3703105,2,Boom Markets
3703106,1,Below-Average Recovery
3703107,1,Below-Average Recovery
3703108,1,Below-Average Recovery
3703200,2,Boom Markets
3703300,3,Persistently Depressed
3703400,3,Persistently Depressed
3703500,3,Persistently Depressed
3703600,3,Persistently Depressed
3703700,3,Persistently Depressed
3703800,3,Persistently Depressed
3703900,3,Persistently Depressed
3704000,3,Persistently Depressed
3704100,3,Persistently Depressed
3704200,3,Persistently Depressed
3704300,3,Persistently Depressed
3704400,3,Persistently Depressed
3704500,3,Persistently Depressed
3704600,3,Persistently Depressed
3704700,2,Boom Markets
3704800,3,Persistently Depressed
3704900,3,Persistently Depressed
3705001,3,Persistently Depressed
3705002,3,Persistently Depressed
3705003,3,Persistently Depressed
3705100,3,Persistently Depressed
3705200,3,Persistently Depressed
3705300,3,Persistently Depressed
3705400,1,Below-Average Recovery
3800100,3,Persistently Depressed
3800200,3,Persistently Depressed
3800300,3,Persistently Depressed
3800400,3,Persistently Depressed
3800500,1,Below-Average Recovery
3900100,3,Persistently Depressed
3900200,1,Below-Average Recovery
3900300,1,Below-Average Recovery
3900400,3,Persistently Depressed
3900500,3,Persistently Depressed
3900600,3,Persistently Depressed
3900700,3,Persistently Depressed
3900801,3,Persistently Depressed
3900802,1,Below-Average Recovery
3900901,1,Below-Average Recovery
3900902,1,Below-Average Recovery
3900903,1,Below-Average Recovery
3900904,3,Persistently Depressed
3900905,3,Persistently Depressed
3900906,3,Persistently Depressed
3900907,3,Persistently Depressed
3900908,3,Persistently Depressed
3900909,3,Persistently Depressed
3900910,1,Below-Average Recovery
3901000,1,Below-Average Recovery
3901100,1,Below-Average Recovery
3901200,1,Below-Average Recovery
3901300,3,Persistently Depressed
3901400,3,Persistently Depressed
3901500,3,Persistently Depressed
3901600,3,Persistently Depressed
3901700,1,Below-Average Recovery
3901801,1,Below-Average Recovery
3901802,1,Below-Average Recovery
3901803,3,Persistently Depressed
3901804,3,Persistently Depressed
3901805,1,Below-Average Recovery
3901900,1,Below-Average Recovery
3902000,3,Persistently Depressed
3902100,3,Persistently Depressed
3902200,3,Persistently Depressed
3902300,3,Persistently Depressed
3902400,3,Persistently Depressed
3902500,3,Persistently Depressed
3902600,3,Persistently Depressed
3902700,3,Persistently Depressed
3902800,3,Persistently Depressed
3902900,3,Persistently Depressed
3903000,3,Persistently Depressed
3903100,1,Below-Average Recovery
3903200,3,Persistently Depressed
3903300,1,Below-Average Recovery
3903400,3,Persistently Depressed
3903500,3,Persistently Depressed
3903600,3,Persistently Depressed
3903700,3,Persistently Depressed
3903800,1,Below-Average Recovery
3903900,1,Below-Average Recovery
3904000,1,Below-Average Recovery
3904101,1,Below-Average Recovery
3904102,1,Below-Average Recovery
3904103,1,Below-Average Recovery
3904104,1,Below-Average Recovery
3904105,1,Below-Average Recovery
3904106,3,Persistently Depressed
3904107,3,Persistently Depressed
3904108,3,Persistently Depressed
3904109,3,Persistently Depressed
3904110,3,Persistently Depressed
3904111,1,Below-Average Recovery
3904200,1,Below-Average Recovery
3904300,3,Persistently Depressed
3904400,1,Below-Average Recovery
3904500,3,Persistently Depressed
3904601,3,Persistently Depressed
3904602,3,Persistently Depressed
3904603,3,Persistently Depressed
3904604,1,Below-Average Recovery
3904700,1,Below-Average Recovery
3904800,3,Persistently Depressed
3904900,3,Persistently Depressed
3905000,3,Persistently Depressed
3905100,3,Persistently Depressed
3905200,3,Persistently Depressed
3905301,1,Below-Average Recovery
3905302,1,Below-Average Recovery
3905401,1,Below-Average Recovery
3905402,3,Persistently Depressed
3905403,3,Persistently Depressed
3905501,1,Below-Average Recovery
3905502,1,Below-Average Recovery
3905503,3,Persistently Depressed
3905504,3,Persistently Depressed
3905505,1,Below-Average Recovery
3905506,1,Below-Average Recovery
3905507,1,Below-Average Recovery
3905600,1,Below-Average Recovery
3905700,3,Persistently Depressed
4000100,3,Persistently Depressed
4000200,3,Persistently Depressed
4000300,3,Persistently Depressed
4000400,3,Persistently Depressed
4000500,3,Persistently Depressed
4000601,3,Persistently Depressed
4000602,3,Persistently Depressed
4000701,3,Persistently Depressed
4000702,3,Persistently Depressed
4000800,1,Below-Average Recovery
4000900,3,Persistently Depressed
4001001,3,Persistently Depressed
4001002,3,Persistently Depressed
4001003,1,Below-Average Recovery
4001004,3,Persistently Depressed
4001005,3,Persistently Depressed
4001006,3,Persistently Depressed
4001101,3,Persistently Depressed
4001102,3,Persistently Depressed
4001201,3,Persistently Depressed
4001202,3,Persistently Depressed
4001203,3,Persistently Depressed
4001204,3,Persistently Depressed
4001301,3,Persistently Depressed
4001302,3,Persistently Depressed
4001400,3,Persistently Depressed
4001501,3,Persistently Depressed
4001601,3,Persistently Depressed
4100100,3,Persistently Depressed
4100200,2,Boom Markets
4100300,3,Persistently Depressed
4100400,2,Boom Markets
4100500,2,Boom Markets
4100600,2,Boom Markets
4100703,2,Boom Markets
4100704,2,Boom Markets
4100705,3,Persistently Depressed
4100800,3,Persistently Depressed
4100901,2,Boom Markets
4100902,3,Persistently Depressed
4101000,3,Persistently Depressed
4101103,2,Boom Markets
4101104,2,Boom Markets
4101105,2,Boom Markets
4101200,2,Boom Markets
4101301,2,Boom Markets
4101302,2,Boom Markets
4101303,2,Boom Markets
4101305,1,Below-Average Recovery
4101314,4,Above-Average Recovery
4101316,2,Boom Markets
4101317,2,Boom Markets
4101318,2,Boom Markets
4101319,1,Below-Average Recovery
4101320,1,Below-Average Recovery
4101321,1,Below-Average Recovery
4101322,1,Below-Average Recovery
4101323,1,Below-Average Recovery
4101324,1,Below-Average Recovery
4200101,3,Persistently Depressed
4200102,3,Persistently Depressed
4200200,3,Persistently Depressed
4200300,3,Persistently Depressed
4200400,3,Persistently Depressed
4200500,3,Persistently Depressed
4200600,1,Below-Average Recovery
4200701,3,Persistently Depressed
4200702,3,Persistently Depressed
4200801,3,Persistently Depressed
4200802,3,Persistently Depressed
4200803,3,Persistently Depressed
4200900,3,Persistently Depressed
4201000,3,Persistently Depressed
4201100,3,Persistently Depressed
4201200,1,Below-Average Recovery
4201300,3,Persistently Depressed
4201400,3,Persistently Depressed
4201501,3,Persistently Depressed
4201502,1,Below-Average Recovery
4201600,1,Below-Average Recovery
4201701,2,Boom Markets
4201702,1,Below-Average Recovery
4201801,1,Below-Average Recovery
4201802,1,Below-Average Recovery
4201803,1,Below-Average Recovery
4201804,3,Persistently Depressed
4201805,3,Persistently Depressed
4201806,1,Below-Average Recovery
4201807,1,Below-Average Recovery
4201900,3,Persistently Depressed
4202001,1,Below-Average Recovery
4202002,1,Below-Average Recovery
4202003,3,Persistently Depressed
4202100,3,Persistently Depressed
4202200,3,Persistently Depressed
4202301,3,Persistently Depressed
4202302,1,Below-Average Recovery
4202401,3,Persistently Depressed
4202402,1,Below-Average Recovery
4202500,3,Persistently Depressed
4202600,3,Persistently Depressed
4202701,3,Persistently Depressed
4202702,3,Persistently Depressed
4202703,1,Below-Average Recovery
4202801,1,Below-Average Recovery
4202802,1,Below-Average Recovery
4202803,3,Persistently Depressed
4202901,3,Persistently Depressed
4202902,1,Below-Average Recovery
4203001,1,Below-Average Recovery
4203002,1,Below-Average Recovery
4203003,1,Below-Average Recovery
4203004,1,Below-Average Recovery
4203101,1,Below-Average Recovery
4203102,1,Below-Average Recovery
4203103,1,Below-Average Recovery
4203104,1,Below-Average Recovery
4203105,1,Below-Average Recovery
4203106,1,Below-Average Recovery
4203201,3,Persistently Depressed
4203202,3,Persistently Depressed
4203203,3,Persistently Depressed
4203204,3,Persistently Depressed
4203205,3,Persistently Depressed
4203206,3,Persistently Depressed
4203207,3,Persistently Depressed
4203208,3,Persistently Depressed
4203209,1,Below-Average Recovery
4203210,3,Persistently Depressed
4203211,2,Boom Markets
4203301,1,Below-Average Recovery
4203302,1,Below-Average Recovery
4203303,3,Persistently Depressed
4203304,1,Below-Average Recovery
4203401,1,Below-Average Recovery
4203402,1,Below-Average Recovery
4203403,1,Below-Average Recovery
4203404,1,Below-Average Recovery
4203501,3,Persistently Depressed
4203502,1,Below-Average Recovery
4203503,3,Persistently Depressed
4203504,1,Below-Average Recovery
4203601,1,Below-Average Recovery
4203602,1,Below-Average Recovery
4203603,1,Below-Average Recovery
4203701,1,Below-Average Recovery
4203702,3,Persistently Depressed
4203800,3,Persistently Depressed
4203900,3,Persistently Depressed
4204001,1,Below-Average Recovery
4204002,3,Persistently Depressed
4400101,1,Below-Average Recovery
4400102,1,Below-Average Recovery
4400103,3,Persistently Depressed
4400104,1,Below-Average Recovery
4400201,1,Below-Average Recovery
4400300,1,Below-Average Recovery
4400400,1,Below-Average Recovery
4500101,3,Persistently Depressed
4500102,2,Boom Markets
4500103,3,Persistently Depressed
4500104,1,Below-Average Recovery
4500105,3,Persistently Depressed
4500200,3,Persistently Depressed
4500301,3,Persistently Depressed
4500302,3,Persistently Depressed
4500400,3,Persistently Depressed
4500501,1,Below-Average Recovery
4500502,1,Below-Average Recovery
4500601,3,Persistently Depressed
4500602,3,Persistently Depressed
4500603,3,Persistently Depressed
4500604,3,Persistently Depressed
4500605,3,Persistently Depressed
4500700,3,Persistently Depressed
4500800,3,Persistently Depressed
4500900,3,Persistently Depressed
4501000,3,Persistently Depressed
4501101,3,Persistently Depressed
4501102,3,Persistently Depressed
4501201,3,Persistently Depressed
4501202,2,Boom Markets
4501203,2,Boom Markets
4501204,2,Boom Markets
4501300,3,Persistently Depressed
4501400,3,Persistently Depressed
4501500,3,Persistently Depressed
4501600,3,Persistently Depressed
4600100,3,Persistently Depressed
4600200,3,Persistently Depressed
4600300,3,Persistently Depressed
4600400,3,Persistently Depressed
4600500,2,Boom Markets
4600600,1,Below-Average Recovery
4700100,3,Persistently Depressed
4700200,3,Persistently Depressed
4700300,3,Persistently Depressed
4700400,3,Persistently Depressed
4700500,2,Boom Markets
4700600,3,Persistently Depressed
4700700,3,Persistently Depressed
4700800,3,Persistently Depressed
4700900,3,Persistently Depressed
4701000,3,Persistently Depressed
4701100,3,Persistently Depressed
4701200,3,Persistently Depressed
4701300,3,Persistently Depressed
4701400,3,Persistently Depressed
4701500,3,Persistently Depressed
4701601,3,Persistently Depressed
4701602,1,Below-Average Recovery
4701603,3,Persistently Depressed
4701604,1,Below-Average Recovery
4701700,3,Persistently Depressed
4701800,3,Persistently Depressed
4701900,3,Persistently Depressed
4702001,3,Persistently Depressed
4702002,3,Persistently Depressed
4702003,1,Below-Average Recovery
4702100,3,Persistently Depressed
4702200,3,Persistently Depressed
4702300,2,Boom Markets
4702401,2,Boom Markets
4702402,2,Boom Markets
4702501,2,Boom Markets
4702502,2,Boom Markets
4702503,2,Boom Markets
4702504,2,Boom Markets
4702505,1,Below-Average Recovery
4702600,1,Below-Average Recovery
4702700,2,Boom Markets
4702800,3,Persistently Depressed
4702900,3,Persistently Depressed
4703000,3,Persistently Depressed
4703100,3,Persistently Depressed
4703201,3,Persistently Depressed
4703202,3,Persistently Depressed
4703203,3,Persistently Depressed
4703204,2,Boom Markets
4703205,2,Boom Markets
4703206,2,Boom Markets
4703207,3,Persistently Depressed
4703208,3,Persistently Depressed
4800100,3,Persistently Depressed
4800200,3,Persistently Depressed
4800300,3,Persistently Depressed
4800400,3,Persistently Depressed
4800501,3,Persistently Depressed
4800502,3,Persistently Depressed
4800600,3,Persistently Depressed
4800700,3,Persistently Depressed
4800800,3,Persistently Depressed
4800900,2,Boom Markets
4801000,3,Persistently Depressed
4801100,3,Persistently Depressed
4801200,3,Persistently Depressed
4801300,3,Persistently Depressed
4801400,2,Boom Markets
4801501,3,Persistently Depressed
4801502,3,Persistently Depressed
4801600,3,Persistently Depressed
4801700,3,Persistently Depressed
4801800,3,Persistently Depressed
4801901,1,Below-Average Recovery
4801902,1,Below-Average Recovery
4801903,2,Boom Markets
4801904,2,Boom Markets
4801905,2,Boom Markets
4801906,2,Boom Markets
4801907,2,Boom Markets
4802001,1,Below-Average Recovery
4802002,1,Below-Average Recovery
4802003,1,Below-Average Recovery
4802004,1,Below-Average Recovery
4802005,2,Boom Markets
4802006,2,Boom Markets
4802101,2,Boom Markets
4802102,3,Persistently Depressed
4802200,3,Persistently Depressed
4802301,2,Boom Markets
4802302,3,Persistently Depressed
4802303,3,Persistently Depressed
4802304,3,Persistently Depressed
4802305,3,Persistently Depressed
4802306,2,Boom Markets
4802307,2,Boom Markets
4802308,2,Boom Markets
4802309,2,Boom Markets
4802310,3,Persistently Depressed
4802311,1,Below-Average Recovery
4802312,4,Above-Average Recovery
4802313,1,Below-Average Recovery
4802314,3,Persistently Depressed
4802315,2,Boom Markets
4802316,2,Boom Markets
4802317,2,Boom Markets
4802318,3,Persistently Depressed
4802319,3,Persistently Depressed
4802320,3,Persistently Depressed
4802321,2,Boom Markets
4802322,1,Below-Average Recovery
4802400,2,Boom Markets
4802501,1,Below-Average Recovery
4802502,1,Below-Average Recovery
4802503,3,Persistently Depressed
4802504,1,Below-Average Recovery
4802505,2,Boom Markets
4802506,2,Boom Markets
4802507,2,Boom Markets
4802508,3,Persistently Depressed
4802509,1,Below-Average Recovery
4802510,1,Below-Average Recovery
4802511,1,Below-Average Recovery
4802512,2,Boom Markets
4802513,2,Boom Markets
4802514,2,Boom Markets
4802515,2,Boom Markets
4802516,2,Boom Markets
4802600,3,Persistently Depressed
4802700,3,Persistently Depressed
4802800,3,Persistently Depressed
4802900,3,Persistently Depressed
4803000,1,Below-Average Recovery
4803100,3,Persistently Depressed
4803200,3,Persistently Depressed
4803301,1,Below-Average Recovery
4803302,3,Persistently Depressed
4803303,3,Persistently Depressed
4803304,3,Persistently Depressed
4803305,3,Persistently Depressed
4803306,3,Persistently Depressed
4803400,3,Persistently Depressed
4803501,3,Persistently Depressed
4803502,3,Persistently Depressed
4803601,3,Persistently Depressed
4803602,3,Persistently Depressed
4803700,3,Persistently Depressed
4803801,3,Persistently Depressed
4803802,3,Persistently Depressed
4803900,3,Persistently Depressed
4804000,3,Persistently Depressed
4804100,3,Persistently Depressed
4804200,3,Persistently Depressed
4804301,3,Persistently Depressed
4804302,3,Persistently Depressed
4804400,2,Boom Markets
4804501,2,Boom Markets
4804502,1,Below-Average Recovery
4804503,1,Below-Average Recovery
4804504,2,Boom Markets
4804601,2,Boom Markets
4804602,3,Persistently Depressed
4804603,1,Below-Average Recovery
4804604,4,Above-Average Recovery
4804605,3,Persistently Depressed
4804606,3,Persistently Depressed
4804607,3,Persistently Depressed
4804608,3,Persistently Depressed
4804609,2,Boom Markets
4804610,3,Persistently Depressed
4804611,3,Persistently Depressed
4804612,2,Boom Markets
4804613,1,Below-Average Recovery
4804614,3,Persistently Depressed
4804615,3,Persistently Depressed
4804616,2,Boom Markets
4804617,3,Persistently Depressed
4804618,3,Persistently Depressed
4804619,3,Persistently Depressed
4804620,3,Persistently Depressed
4804621,2,Boom Markets
4804622,3,Persistently Depressed
4804623,3,Persistently Depressed
4804624,1,Below-Average Recovery
4804625,2,Boom Markets
4804626,3,Persistently Depressed
4804627,2,Boom Markets
4804628,3,Persistently Depressed
4804629,3,Persistently Depressed
4804630,2,Boom Markets
4804631,1,Below-Average Recovery
4804632,2,Boom Markets
4804633,1,Below-Average Recovery
4804634,3,Persistently Depressed
4804635,3,Persistently Depressed
4804636,2,Boom Markets
4804637,3,Persistently Depressed
4804638,3,Persistently Depressed
4804701,3,Persistently Depressed
4804702,1,Below-Average Recovery
4804801,1,Below-Average Recovery
4804802,3,Persistently Depressed
4804803,2,Boom Markets
4804901,3,Persistently Depressed
4804902,1,Below-Average Recovery
4804903,3,Persistently Depressed
4804904,2,Boom Markets
4804905,1,Below-Average Recovery
4805000,3,Persistently Depressed
4805100,2,Boom Markets
4805201,1,Below-Average Recovery
4805202,1,Below-Average Recovery
4805203,1,Below-Average Recovery
4805204,1,Below-Average Recovery
4805301,1,Below-Average Recovery
4805302,2,Boom Markets
4805303,2,Boom Markets
4805304,2,Boom Markets
4805305,4,Above-Average Recovery
4805306,1,Below-Average Recovery
4805307,2,Boom Markets
4805308,1,Below-Average Recovery
4805309,1,Below-Average Recovery
4805400,1,Below-Average Recovery
4805500,3,Persistently Depressed
4805600,3,Persistently Depressed
4805700,3,Persistently Depressed
4805800,2,Boom Markets
4805901,3,Persistently Depressed
4805902,3,Persistently Depressed
4805903,3,Persistently Depressed
4805904,3,Persistently Depressed
4805905,3,Persistently Depressed
4805906,3,Persistently Depressed
4805907,2,Boom Markets
4805908,3,Persistently Depressed
4805909,3,Persistently Depressed
4805910,3,Persistently Depressed
4805911,1,Below-Average Recovery
4805912,3,Persistently Depressed
4805913,3,Persistently Depressed
4805914,1,Below-Average Recovery
4805915,1,Below-Average Recovery
4805916,2,Boom Markets
4806000,3,Persistently Depressed
4806100,3,Persistently Depressed
4806200,3,Persistently Depressed
4806301,3,Persistently Depressed
4806302,3,Persistently Depressed
4806400,3,Persistently Depressed
4806500,3,Persistently Depressed
4806601,3,Persistently Depressed
4806602,3,Persistently Depressed
4806603,3,Persistently Depressed
4806701,3,Persistently Depressed
4806702,3,Persistently Depressed
4806703,3,Persistently Depressed
4806801,3,Persistently Depressed
4806802,3,Persistently Depressed
4806803,3,Persistently Depressed
4806804,3,Persistently Depressed
4806805,3,Persistently Depressed
4806806,3,Persistently Depressed
4806807,3,Persistently Depressed
4806900,3,Persistently Depressed
4903001,2,Boom Markets
4905001,1,Below-Average Recovery
4911001,1,Below-Average Recovery
4911002,1,Below-Average Recovery
4913001,1,Below-Average Recovery
4921001,2,Boom Markets
4935001,2,Boom Markets
4935002,2,Boom Markets
4935003,2,Boom Markets
4935004,2,Boom Markets
4935005,2,Boom Markets
4935006,1,Below-Average Recovery
4935007,1,Below-Average Recovery
4935008,2,Boom Markets
4935009,1,Below-Average Recovery
4949001,2,Boom Markets
4949002,1,Below-Average Recovery
4949003,2,Boom Markets
4949004,2,Boom Markets
4953001,2,Boom Markets
4957001,2,Boom Markets
4957002,2,Boom Markets
5000100,1,Below-Average Recovery
5000200,1,Below-Average Recovery
5000300,1,Below-Average Recovery
5000400,1,Below-Average Recovery
5101301,4,Above-Average Recovery
5101302,1,Below-Average Recovery
5104101,1,Below-Average Recovery
5104102,1,Below-Average Recovery
5104103,1,Below-Average Recovery
5110701,1,Below-Average Recovery
5110702,4,Above-Average Recovery
5110703,4,Above-Average Recovery
5151010,3,Persistently Depressed
5151020,3,Persistently Depressed
5151040,3,Persistently Depressed
5151044,3,Persistently Depressed
5151045,3,Persistently Depressed
5151080,3,Persistently Depressed
5151084,1,Below-Average Recovery
5151085,3,Persistently Depressed
5151087,1,Below-Average Recovery
5151089,1,Below-Average Recovery
5151090,1,Below-Average Recovery
5151095,3,Persistently Depressed
5151096,3,Persistently Depressed
5151097,3,Persistently Depressed
5151105,3,Persistently Depressed
5151110,3,Persistently Depressed
5151115,1,Below-Average Recovery
5151120,1,Below-Average Recovery
5151125,3,Persistently Depressed
5151135,3,Persistently Depressed
5151145,1,Below-Average Recovery
5151154,1,Below-Average Recovery
5151155,1,Below-Average Recovery
5151164,1,Below-Average Recovery
5151165,1,Below-Average Recovery
5151167,1,Below-Average Recovery
5151175,1,Below-Average Recovery
5151186,1,Below-Average Recovery
5151206,1,Below-Average Recovery
5151215,1,Below-Average Recovery
5151224,1,Below-Average Recovery
5151225,1,Below-Average Recovery
5151235,1,Below-Average Recovery
5151244,1,Below-Average Recovery
5151245,1,Below-Average Recovery
5151246,1,Below-Average Recovery
5151255,4,Above-Average Recovery
5155001,1,Below-Average Recovery
5155002,1,Below-Average Recovery
5159301,1,Below-Average Recovery
5159302,1,Below-Average Recovery
5159303,4,Above-Average Recovery
5159304,4,Above-Average Recovery
5159305,4,Above-Average Recovery
5159306,1,Below-Average Recovery
5159307,4,Above-Average Recovery
5159308,4,Above-Average Recovery
5159309,1,Below-Average Recovery
5310100,2,Boom Markets
5310200,2,Boom Markets
5310300,2,Boom Markets
5310400,3,Persistently Depressed
5310501,1,Below-Average Recovery
5310502,1,Below-Average Recovery
5310503,2,Boom Markets
5310504,2,Boom Markets
5310600,2,Boom Markets
5310701,1,Below-Average Recovery
5310702,2,Boom Markets
5310703,2,Boom Markets
5310800,3,Persistently Depressed
5310901,3,Persistently Depressed
5310902,3,Persistently Depressed
5311000,2,Boom Markets
5311101,2,Boom Markets
5311102,2,Boom Markets
5311103,2,Boom Markets
5311104,1,Below-Average Recovery
5311200,2,Boom Markets
5311300,2,Boom Markets
5311401,2,Boom Markets
5311402,2,Boom Markets
5311501,2,Boom Markets
5311502,2,Boom Markets
5311503,2,Boom Markets
5311504,2,Boom Markets
5311505,2,Boom Markets
5311506,2,Boom Markets
5311507,2,Boom Markets
5311601,4,Above-Average Recovery
5311602,4,Above-Average Recovery
5311603,4,Above-Average Recovery
5311604,4,Above-Average Recovery
5311605,2,Boom Markets
5311606,2,Boom Markets
5311607,4,Above-Average Recovery
5311608,4,Above-Average Recovery
5311609,4,Above-Average Recovery
5311610,2,Boom Markets
5311611,2,Boom Markets
5311612,2,Boom Markets
5311613,2,Boom Markets
5311614,2,Boom Markets
5311615,2,Boom Markets
5311616,4,Above-Average Recovery
5311701,2,Boom Markets
5311702,2,Boom Markets
5311703,2,Boom Markets
5311704,4,Above-Average Recovery
5311705,2,Boom Markets
5311706,2,Boom Markets
5311801,2,Boom Markets
5311802,2,Boom Markets
5311900,2,Boom Markets
5400100,3,Persistently Depressed
5400200,3,Persistently Depressed
5400300,3,Persistently Depressed
5400400,3,Persistently Depressed
5400500,3,Persistently Depressed
5400600,3,Persistently Depressed
5400700,3,Persistently Depressed
5400800,3,Persistently Depressed
5400900,3,Persistently Depressed
5401000,3,Persistently Depressed
5401100,3,Persistently Depressed
5401200,3,Persistently Depressed
5401300,3,Persistently Depressed
5500100,3,Persistently Depressed
5500101,1,Below-Average Recovery
5500102,1,Below-Average Recovery
5500103,1,Below-Average Recovery
5500200,3,Persistently Depressed
5500300,1,Below-Average Recovery
5500600,3,Persistently Depressed
5500700,3,Persistently Depressed
5500800,3,Persistently Depressed
5500900,3,Persistently Depressed
5501000,3,Persistently Depressed
5501001,3,Persistently Depressed
5501300,3,Persistently Depressed
5501301,3,Persistently Depressed
5501400,3,Persistently Depressed
5501401,1,Below-Average Recovery
5501500,1,Below-Average Recovery
5501501,3,Persistently Depressed
5501600,3,Persistently Depressed
5501601,3,Persistently Depressed
5502400,3,Persistently Depressed
5502500,1,Below-Average Recovery
5510000,1,Below-Average Recovery
5520000,1,Below-Average Recovery
5530000,1,Below-Average Recovery
5540101,1,Below-Average Recovery
5540301,1,Below-Average Recovery
5540701,1,Below-Average Recovery
5541001,3,Persistently Depressed
5541002,3,Persistently Depressed
5541003,3,Persistently Depressed
5541004,3,Persistently Depressed
5541005,3,Persistently Depressed
5550000,1,Below-Average Recovery
5555101,3,Persistently Depressed
5555102,1,Below-Average Recovery
5555103,3,Persistently Depressed
5570101,1,Below-Average Recovery
5570201,1,Below-Average Recovery
5570301,1,Below-Average Recovery
5600100,3,Persistently Depressed
5600200,3,Persistently Depressed
5600300,3,Persistently Depressed
5600400,3,Persistently Depressed
5600500,3,Persistently Depressed
